,Gene,Sequence,Score
0,b3171,tcactgaatttttatgca,20.981522027249504
1,16128258,aaagtgaattttaattca,20.76324571438529
2,16132076,aaattgaattttaattca,19.915248807830338
3,16131126,cagatgaatttttatgca,19.093247109808335
4,16131238,ttagtgattttttatgca,18.884660487996918
5,16129301,tgaatgaataatcatgca,18.32374346124241
6,16128684,ctaatgtatatttatgca,18.086704263941563
7,16130583,atattgcatttttattca,17.884660487996918
8,16131795,ttagtgtatttttattca,17.884660487996918
9,16128026,attgtgaattaatatgca,17.18011637152309
10,16129126,tcactgaattttgatgca,17.174167105191902
11,49176132,ttagagaatatacatgca,17.034236844047427
12,16132077,tcaatgaattaaaattca,16.81427116010552
13,16128462,aaattcaataattattca,16.635140888637608
14,16131312,caaatgcatttttttgca,16.392807391667244
15,b4451,caaatgcatttttttgca,16.392807391667244
16,16128105,aaaacgaatttaaattca,16.303814095747995
17,16131247,tcaatgaatattaattaa,16.00181536635505
18,16131392,gcagtcaatatttattca,15.934701170496513
19,16131884,atactgtatattcattca,15.934701170496513
20,16128650,atattgaattttcatgct,15.836297466435516
21,16129601,ttaaagaatatttattaa,15.809170288412654
22,90111311,ttaaagaatatttattaa,15.809170288412654
23,90111175,aaaaggaataaaaatgca,15.675782873134953
24,16132166,ttactgaataaaaaagca,15.601277436771323
25,90111703,taaatgaatttaaatgga,15.548926593584527
26,16128795,tatcagaatttttatgaa,15.163636437699733
27,16128628,ttaatgaatatttaagga,15.153818459800098
28,16128106,taattgaattaaaaatca,15.12239345546785
29,90111372,tctgtgaatgtttattca,15.119125741633944
